id;setting_id;title;value;created_at;updated_at
1;28668;given untidy posh;past interleave consequently;2024-03-03T02:57:30;2024-03-03T06:18:38
2;16664;zany;down fit;2024-03-03T02:22:00;2024-03-02T09:54:12
3;3093;royal athwart;verifiable in;2024-03-02T18:38:43;2024-03-02T13:45:19
4;17747;because energize;nicely ew;2024-03-02T15:55:00;2024-03-02T16:12:01
5;16572;certainly gadzooks gosh;prizefight or whose;2024-03-02T07:33:18;2024-03-02T12:04:30
6;3879;what;provided generously;2024-03-02T18:11:06;2024-03-02T19:30:35
7;6790;mezzanine hopelessly;enlightened onto;2024-03-02T09:05:36;2024-03-03T00:39:50
8;6773;than;pish boohoo ethics;2024-03-02T20:49:51;2024-03-02T17:09:20
9;15019;slowly zowie;feisty kiddingly huzzah;2024-03-02T16:22:53;2024-03-02T08:19:14
10;11213;merrily frugal;mad altruistic;2024-03-02T19:43:14;2024-03-03T05:49:52
