id;image;image_type;created_at;updated_at
1;castigate dud drat;false;2024-03-02T23:00:55;2024-03-03T03:09:37
2;absent;false;2024-03-03T03:59:21;2024-03-02T16:46:10
3;forenenst aggregate clumsy;true;2024-03-02T18:44:40;2024-03-02T12:26:20
4;ick lest;true;2024-03-02T22:26:22;2024-03-02T23:35:58
5;at;false;2024-03-02T11:27:58;2024-03-03T05:58:45
6;amidst wonderfully ugh;true;2024-03-02T11:13:08;2024-03-02T18:08:43
7;menacing;false;2024-03-02T11:06:33;2024-03-03T07:11:01
8;than spike;false;2024-03-02T16:35:12;2024-03-02T08:11:35
9;homework now chaos;false;2024-03-02T23:56:13;2024-03-02T13:38:10
10;frequency unimpressively;true;2024-03-03T01:31:55;2024-03-02T18:26:39
