id;uuid;connection;queue;payload;exception;failed_at
1;amongst peep;versus excepting whose;crate reduce;../fake-data/blob/hipster.txt;../fake-data/blob/hipster.txt;2024-03-02T17:00:54
2;who;exactly fondly;sans peak;../fake-data/blob/hipster.txt;../fake-data/blob/hipster.txt;2024-03-02T17:57:32
3;till catnap mmm;for;when round hmph;../fake-data/blob/hipster.txt;../fake-data/blob/hipster.txt;2024-03-02T15:19:52
4;type palatalise;unbuckle although rawhide;whether outside debate;../fake-data/blob/hipster.txt;../fake-data/blob/hipster.txt;2024-03-02T14:17:16
5;now;before before frightfully;frantically with;../fake-data/blob/hipster.txt;../fake-data/blob/hipster.txt;2024-03-03T02:29:32
6;an devour tragedy;gadzooks;which;../fake-data/blob/hipster.txt;../fake-data/blob/hipster.txt;2024-03-02T16:26:01
7;more ack;tough pish;atop cuddle;../fake-data/blob/hipster.txt;../fake-data/blob/hipster.txt;2024-03-02T09:28:00
8;times;depreciate frigid;looks;../fake-data/blob/hipster.txt;../fake-data/blob/hipster.txt;2024-03-02T18:02:28
9;court;vintner;trapezium around determine;../fake-data/blob/hipster.txt;../fake-data/blob/hipster.txt;2024-03-02T13:35:42
10;inasmuch;than;spanish;../fake-data/blob/hipster.txt;../fake-data/blob/hipster.txt;2024-03-03T00:02:44
