id;table_name;table_id;image_type;image;created_at;updated_at
1;puddle cone disloyal;3981;true;whether;2024-03-02T21:45:41;2024-03-02T07:28:45
2;aha;11642;true;before elbow that;2024-03-02T16:01:56;2024-03-02T23:53:51
3;since phew colorfully;19000;false;nor outlook put;2024-03-02T19:34:38;2024-03-02T21:23:50
4;gosh;27521;true;short divide;2024-03-02T18:05:39;2024-03-03T00:13:02
5;chronicle;19813;true;safely cautiously;2024-03-03T03:39:54;2024-03-02T21:32:23
6;drat ack;29062;false;astride;2024-03-02T15:50:01;2024-03-02T22:43:56
7;even ick;5943;true;accentuate;2024-03-03T04:02:11;2024-03-02T23:48:08
8;ouch;27000;true;well bewitch;2024-03-02T12:08:57;2024-03-02T23:12:39
9;set;5353;true;pleasant meh after;2024-03-02T14:33:29;2024-03-02T19:43:33
10;concentration leading;6747;false;flamboyant tense sweaty;2024-03-02T13:36:29;2024-03-02T21:33:05
