id;title;value;created_at;updated_at
1;drat;negative;2024-03-02T12:05:17;2024-03-02T15:07:50
2;finally but between;symptomize except;2024-03-03T01:23:05;2024-03-03T00:26:04
3;anenst coruscate cultivate;pinworm;2024-03-03T01:17:56;2024-03-03T03:18:09
4;although;as;2024-03-02T21:46:40;2024-03-02T09:36:48
5;glove elongate;until;2024-03-03T00:11:11;2024-03-02T16:35:11
6;past;underneath;2024-03-02T08:15:03;2024-03-02T10:50:36
7;anti;customise;2024-03-03T06:57:58;2024-03-03T01:29:43
8;vacantly mostly;boo turtle sardine;2024-03-03T07:06:05;2024-03-02T22:45:18
9;intent unwieldy;meter mid-course;2024-03-02T14:42:00;2024-03-03T05:44:24
10;pluralise;as unless;2024-03-02T15:45:40;2024-03-03T05:36:10
