id;email;token;created_at
1;Juanita_Casper0@yahoo.com;fast compassionate;2024-03-02T23:08:24
2;Madalyn58@yahoo.com;naturally;2024-03-02T15:13:03
3;Abelardo.Ebert-Wilkinson72@yahoo.com;minimise circa whenever;2024-03-03T06:53:11
4;Felicity_Tillman-Borer29@hotmail.com;block nor;2024-03-02T17:20:28
5;Billy_Jacobs@hotmail.com;ramie likewise;2024-03-02T15:59:16
6;Stan_McCullough96@gmail.com;marvelous;2024-03-02T12:08:05
7;Freeda68@hotmail.com;ripe how bland;2024-03-03T05:56:43
8;Mathew.Lind10@gmail.com;clasp;2024-03-02T15:00:50
9;Rosemarie.Greenfelder@yahoo.com;yum mechanically;2024-03-02T12:45:36
10;Cielo.Prohaska6@yahoo.com;while patiently;2024-03-02T08:00:17
