id;order_id;transaction_id;razorpay_refund_id;razorpay_payment_id;amount;currency;status;created_by;created_at;updated_at
1;12483;huzzah boohoo;owlishly weakly loan;duh pfft;17090.52;typ;however;picturesque with patiently;2024-03-02T12:55:37;2024-03-02T09:43:51
2;15866;apropos highlight;optimistically curl;patiently tavern;17411.53;dea;ick impractical briefly;hmph invigilate;2024-03-03T02:12:19;2024-03-02T18:14:44
3;4321;upwardly deck eyeball;senator;whoever ack liberalise;10601.86;bri;excluding;opposite studio;2024-03-02T17:22:15;2024-03-02T13:26:21
4;16480;behind via woot;dapper equity system;furthermore;21119.62;unt;crazy heartfelt fond;throughout;2024-03-02T08:42:58;2024-03-02T12:04:33
5;31411;characterise;brightly investment;offensive bravely;15738.6;ove;ack vivaciously until;gosh upgrade loudly;2024-03-03T03:05:53;2024-03-03T01:21:05
6;29149;frank ugh within;dutiful since unsung;tutor;29218.88;boo;jumpsuit sheepishly;mud;2024-03-02T18:13:21;2024-03-03T06:31:19
7;10454;when;puncture although;sniffle;1499.42;fir;burdensome screenwriting;cloak lest huge;2024-03-02T14:27:23;2024-03-02T19:03:07
8;7697;phooey;seemingly rebrand incidentally;by ew woot;22734.54;pol;apparatus burdensome;splay distant;2024-03-02T16:37:22;2024-03-02T12:13:25
9;22790;separately till;interloper steel fooey;majestically;15199.74;jus;throughout misconceive;fracture until;2024-03-02T16:58:45;2024-03-02T13:29:02
10;537;man;inasmuch job salmon;availability wetly amid;8976.52;obs;burgeon hole;pfft pair;2024-03-02T23:54:58;2024-03-02T16:59:19
