id;title;created_at;updated_at;deleted
1;properly birdhouse;2024-03-03T02:10:36;2024-03-02T12:38:43;false
2;sulks lustrous;2024-03-03T00:30:59;2024-03-03T03:13:46;true
3;disafforest scholarly;2024-03-02T20:23:35;2024-03-02T20:39:18;false
4;hm;2024-03-02T16:51:50;2024-03-02T23:09:28;true
5;abaft kindly;2024-03-02T23:36:21;2024-03-02T15:08:22;false
6;gah;2024-03-02T16:08:16;2024-03-02T12:08:26;true
7;keyboarding friendly the;2024-03-02T17:21:50;2024-03-03T02:27:36;true
8;hmph nor;2024-03-02T15:30:09;2024-03-02T12:47:40;false
9;meridian following;2024-03-03T01:15:54;2024-03-02T09:13:32;false
10;standard likewise;2024-03-02T17:52:30;2024-03-02T21:41:48;true
