id;title;image;url;created_at;updated_at
1;pinch;stall;https://wealthy-gadget.biz/;2024-03-02T10:41:37;2024-03-02T21:27:05
2;than;woot zowie supposing;https://spherical-furniture.info/;2024-03-02T10:09:31;2024-03-03T03:01:35
3;within ew;yum hmph chivalry;https://bad-arrow.info/;2024-03-03T05:12:47;2024-03-03T05:23:56
4;aha intellect concerning;buyer grammar;https://hollow-buzz.com/;2024-03-02T11:32:35;2024-03-02T10:40:00
5;tender aha;drat;https://bustling-publishing.org;2024-03-02T16:33:26;2024-03-03T06:03:49
6;cappuccino;as;https://probable-hunting.name;2024-03-02T10:58:32;2024-03-02T12:17:48
7;hmph;utter applaud;https://ready-cheesecake.net;2024-03-02T13:16:30;2024-03-02T08:52:41
8;rectangular;venerate witch-hunt;https://honored-wick.com/;2024-03-03T05:57:30;2024-03-02T08:51:25
9;septicaemia;fussy sweaty;https://mortified-politics.org;2024-03-03T00:34:39;2024-03-03T06:10:08
10;brick;octave;https://outlandish-chief.org/;2024-03-02T10:19:22;2024-03-02T15:05:41
