id;title;body;created_at;updated_at;user_id
1;yuck;elevator;2024-03-03T00:46:45;2024-03-02T10:44:01;1
2;adept duh duh;unaccountably;2024-03-03T02:11:41;2024-03-02T22:40:30;2
3;afore when;pool;2024-03-02T11:22:06;2024-03-02T22:28:40;3
4;yippee teeming once;rightfully lounge bah;2024-03-02T12:48:27;2024-03-02T08:12:05;4
5;provided psst relief;loyal massage crackle;2024-03-02T10:01:41;2024-03-02T10:35:34;5
6;stealthily partially;delegate whether meh;2024-03-03T01:54:47;2024-03-02T21:59:57;6
7;hm;raft hard-to-find mammoth;2024-03-03T06:38:26;2024-03-02T12:18:35;7
8;sweetly;where alive;2024-03-02T16:24:12;2024-03-02T18:09:20;8
9;strong noxious till;inspire ouch irritating;2024-03-02T08:23:20;2024-03-03T04:00:27;9
10;recapitulation blah on;upbeat wretched electronics;2024-03-03T00:21:54;2024-03-03T06:00:20;10
