id;title;created_at;updated_at;is_active;cat_id
1;but pancake;2024-03-02T09:52:11;2024-03-02T10:55:03;false;1
2;inwardly handcuff match;2024-03-02T18:57:48;2024-03-03T02:53:26;true;2
3;how blah;2024-03-02T20:32:21;2024-03-02T10:07:15;false;3
4;responsible illumine thank;2024-03-02T20:26:08;2024-03-02T18:38:50;true;4
5;stopsign misbehave fat;2024-03-03T06:21:51;2024-03-02T22:28:54;true;5
6;revolver;2024-03-03T00:26:19;2024-03-02T18:19:30;true;6
7;shyly hearten bleak;2024-03-03T00:13:48;2024-03-03T00:19:24;true;7
8;membership;2024-03-03T02:58:35;2024-03-03T07:21:20;false;8
9;linear;2024-03-02T13:42:18;2024-03-02T22:03:52;true;9
10;itch;2024-03-02T17:51:51;2024-03-02T17:17:58;false;10
