id;title;sub_title;rating;description;created_at;updated_at
1;worst wisely boo;instead whereas;20452;but excluding;2024-03-03T04:43:43;2024-03-02T16:07:18
2;founding while;charter brutalise godmother;27809;sure-footed notwithstanding not;2024-03-02T17:54:08;2024-03-03T04:14:36
3;witter nautical loudly;countersign angelic ha;25719;discolor oof active;2024-03-03T03:03:54;2024-03-02T15:45:36
4;gosh complement;whoa bug;22270;vengeful brr over;2024-03-02T22:07:17;2024-03-02T19:23:56
5;pharmacist pfft;provide glistening yowza;19542;how between;2024-03-03T07:35:11;2024-03-02T14:13:19
6;tan lost and;whereas besides teleconference;17908;daily;2024-03-03T03:30:21;2024-03-02T23:08:55
7;calmly;tantalise or;11049;under ouch;2024-03-02T18:07:58;2024-03-02T14:03:20
8;however coaxingly;compost;23896;times;2024-03-03T00:21:51;2024-03-02T11:13:29
9;inasmuch overconfidently lawn;worn above;12528;stormy;2024-03-02T20:20:36;2024-03-02T18:26:32
10;incomparable lest;um freelance;4869;oh happy-go-lucky;2024-03-03T04:14:32;2024-03-02T22:55:52
