id;wallet_amount;email;phone;email_verified_at;password;remember_token;created_at;updated_at;name;fcm;subscription_amount
1;19459.79;Alicia40@hotmail.com;896.672.9165 x2862;2024-03-02T19:54:51;moisturize among duh;inasmuch gadzooks;2024-03-02T15:46:15;2024-03-02T08:55:23;commute press;sandwich underneath;3008
2;22283.49;Jaydon59@yahoo.com;890.747.2390 x0622;2024-03-03T02:10:53;woot hence;serene frayed;2024-03-02T21:29:33;2024-03-02T17:43:50;knobby;minty;10468
3;27817.98;Breanne_Stoltenberg12@gmail.com;(929) 579-2621;2024-03-02T12:05:47;for delectable;carabao;2024-03-02T19:22:26;2024-03-03T06:43:49;properly;round;10644
4;23410.63;Hiram_Mayert15@yahoo.com;437.847.3522 x5618;2024-03-03T04:24:48;warmly;lovingly yahoo;2024-03-03T05:09:59;2024-03-02T11:21:20;asparagus admission honestly;pamphlet;10581
5;10866.67;Tierra_Jones92@gmail.com;431-700-4564 x7022;2024-03-02T13:11:05;bouquet now despair;oh afore yippee;2024-03-02T18:15:06;2024-03-02T18:18:18;off dear notwithstanding;however amidst buoyant;947
6;2653.12;Neal_Metz@gmail.com;(816) 714-9023 x373;2024-03-02T14:01:22;luxurious vaguely;aside but eek;2024-03-03T00:15:47;2024-03-02T21:58:04;lest between jubilantly;busily;6268
7;16185.4;Johnny.Tremblay57@hotmail.com;(651) 649-5332 x62148;2024-03-02T13:42:04;um green gladly;likely mid sea;2024-03-02T22:06:38;2024-03-02T16:13:47;but;upliftingly doting broken;20751
8;22855.82;Lula_Botsford@hotmail.com;896.228.0403 x952;2024-03-02T09:48:32;whenever aha;cheerful sweetly outside;2024-03-02T13:17:34;2024-03-02T11:53:44;often negligible vivaciously;ladle;14941
9;2372.68;Ana12@gmail.com;687-749-9736 x89680;2024-03-02T18:24:49;hm;self-assured unlucky since;2024-03-02T17:09:38;2024-03-03T02:17:27;banjo barring;villainous a attack;23438
10;14840.13;Jamarcus.Osinski0@gmail.com;(617) 506-3013;2024-03-03T06:40:23;waste embed;deliberately;2024-03-03T04:44:43;2024-03-02T20:59:14;fruitful woot yowza;ick lightly espouse;3111
