id;title;body;created_at;updated_at
1;mushy;regarding underspend reproachfully;2024-03-02T18:43:40;2024-03-02T10:52:57
2;yum before even;panpipe;2024-03-03T06:24:47;2024-03-02T09:18:06
3;singing ew out;big-hearted likely restfully;2024-03-02T18:46:09;2024-03-02T13:44:31
4;fascinate than audit;the;2024-03-03T01:52:22;2024-03-02T13:13:50
5;absentmindedly;plague um unaccountably;2024-03-02T15:32:45;2024-03-02T10:28:25
6;geez um petitioner;absent;2024-03-03T00:25:43;2024-03-02T10:38:54
7;chilly fooey;stage;2024-03-02T19:18:13;2024-03-02T10:07:27
8;yuck;hollow slot woot;2024-03-02T16:53:15;2024-03-02T09:31:31
9;unsteady;urgently irritably of;2024-03-02T20:18:29;2024-03-02T22:06:03
10;toward;gracefully musician duh;2024-03-02T16:18:21;2024-03-02T10:25:18
