id;page_id;title;body;created_at;updated_at
1;7528;search original amid;consumption along including;2024-03-02T19:48:09;2024-03-02T09:17:17
2;17802;till dearly grass;until offset winding;2024-03-02T10:09:48;2024-03-02T15:56:50
3;25380;strain;eek indeed;2024-03-02T10:10:48;2024-03-02T17:43:57
4;25933;unnaturally wherever;possible recreate freely;2024-03-02T09:25:28;2024-03-03T07:29:28
5;8754;unlike alongside phooey;modulo indeed easily;2024-03-02T15:27:22;2024-03-03T00:31:03
6;5233;next tricky cavernous;alarmed annually anthologize;2024-03-02T17:54:21;2024-03-02T16:46:24
7;22392;externalize;given hopelessly;2024-03-02T15:42:46;2024-03-02T15:05:47
8;11951;despite duster pillbox;first blubber than;2024-03-02T20:54:21;2024-03-02T20:45:34
9;19245;amongst ew;gosh;2024-03-03T01:39:41;2024-03-02T21:40:19
10;20193;appropriate;before;2024-03-03T05:23:59;2024-03-02T13:02:13
